{"Moscow": {"data": {"timelines": [{"timestep": "current", "endTime": "2024-03-28T20:37:00Z", "startTime": "2024-03-28T20:37:00Z", "intervals": [{"startTime": "2024-03-28T20:37:00Z", "values": {"temperature": 0.31}}]}]}}, "New York": {"data": {"timelines": [{"timestep": "current", "endTime": "2024-03-28T20:37:00Z", "startTime": "2024-03-28T20:37:00Z", "intervals": [{"startTime": "2024-03-28T20:37:00Z", "values": {"temperature": 8.69}}]}]}}, "Tokyo": {"data": {"timelines": [{"timestep": "current", "endTime": "2024-03-28T20:37:00Z", "startTime": "2024-03-28T20:37:00Z", "intervals": [{"startTime": "2024-03-28T20:37:00Z", "values": {"temperature": 13.31}}]}]}}}